{"Precision":{"0":0.7863383638},"Recall":{"0":0.8125410374},"F1":{"0":0.7992249939}}