{"Precision":{"0":0.9215363512},"Recall":{"0":0.8270682863},"F1":{"0":0.8717505082}}