{"Precision":{"0":0.863071161},"Recall":{"0":0.9456664478},"F1":{"0":0.9024829639}}