{"Precision":{"0":0.9371816638},"Recall":{"0":0.3624425476},"F1":{"0":0.5227272727}}