{"Precision":{"0":0.9389880952},"Recall":{"0":0.7768384767},"F1":{"0":0.8502515271}}