{"Precision":{"0":0.9512752189},"Recall":{"0":0.2051050558},"F1":{"0":0.3374518939}}