{"Precision":{"0":0.8873492622},"Recall":{"0":0.9564831261},"F1":{"0":0.9206201189}}